{"10": {"hr": 0.3263598326359833, "time": 1.1464420003372255}, "25": {"hr": 0.3263598326359833, "time": 1.1699863584138026}}