{"hr": {"1": 0.009331597222222222, "2": 0.020182291666666668, "3": 0.030164930555555556, "4": 0.040364583333333336, "5": 0.050347222222222224, "6": 0.058159722222222224, "7": 0.0666232638888889, "8": 0.07942708333333333, "9": 0.09049479166666667, "10": 0.09809027777777778, "11": 0.10785590277777778, "12": 0.119140625, "13": 0.130859375, "14": 0.14149305555555555, "15": 0.1480034722222222, "16": 0.15690104166666666, "17": 0.1664496527777778, "18": 0.17513020833333334, "19": 0.185546875, "20": 0.1950954861111111, "21": 0.2035590277777778, "22": 0.21375868055555555, "23": 0.22157118055555555, "24": 0.2309027777777778, "25": 0.2419704861111111, "26": 0.2517361111111111, "27": 0.2595486111111111, "28": 0.2680121527777778, "29": 0.2766927083333333, "30": 0.2853732638888889, "31": 0.298828125, "32": 0.3077256944444444, "33": 0.3174913194444444, "34": 0.3270399305555556, "35": 0.3383246527777778, "36": 0.3485243055555556, "37": 0.357421875, "38": 0.3704427083333333, "39": 0.3797743055555556, "40": 0.3904079861111111, "41": 0.3977864583333333, "42": 0.4079861111111111, "43": 0.4175347222222222, "44": 0.427734375, "45": 0.4372829861111111, "46": 0.4463975694444444, "47": 0.4555121527777778, "48": 0.4639756944444444, "49": 0.47265625, "50": 0.4791666666666667}, "ndcg": {"1": 0.009331597222222222, "2": 0.020182291666666668, "3": 0.026480635560826183, "4": 0.031580461949715075, "5": 0.03587975050687134, "6": 0.038902038063391195, "7": 0.041916812433446075, "8": 0.04618475224826088, "9": 0.04967622549393627, "10": 0.051962694645029874, "11": 0.0547855933395405, "12": 0.05793338699706193, "13": 0.06110024036925708, "14": 0.0638931716229078, "15": 0.0655595650135967, "16": 0.06778395737470781, "17": 0.07012003025951727, "18": 0.07220173569847674, "19": 0.07465391187937923, "20": 0.07686325245642552, "21": 0.07879014909253255, "22": 0.08107735823711286, "23": 0.0828044264359996, "24": 0.08483968784124654, "25": 0.08722298910662664, "26": 0.0893005872858587, "27": 0.0909436335191177, "28": 0.09270417373382774, "29": 0.09449103859893568, "30": 0.09626009282715188, "31": 0.09897594425251868, "32": 0.10075545814140757, "33": 0.10269139430518258, "34": 0.10456828489073905, "35": 0.10676834329752655, "36": 0.10874122545247702, "37": 0.11044919149420207, "38": 0.11293032967684234, "39": 0.1146958712261534, "40": 0.11669395920591603, "41": 0.11807116883745339, "42": 0.11996268448426815, "43": 0.12172238688412558, "44": 0.1235906496430103, "45": 0.12532933619263642, "46": 0.1269794640278712, "47": 0.12862037455729414, "48": 0.13013579058122873, "49": 0.13168182871971845, "50": 0.13283536921539263}}